accuracy,precision,recall,f1,roc_auc
0.9489795918367347,0.2,0.5,0.2857142857142857,0.734375
